Step,Score,Time_d(s),CorrectMove,UserMove,StartTime,EndTime
1,0,5.264756,111,311,1559596036.161993,1559596041.426749
2,0,0.000803,310,331,1559596041.632273,1559596041.633076
